[{"name":null,"email":null,"msg":null},{"name":null,"email":null,"msg":null},{"name":null,"email":null,"msg":null},{"name":null,"email":null,"msg":null},{"name":null,"email":null,"msg":null},{"name":"Mushfiqur Rahman","email":"abc@gmail.com","msg":"best website"},{"name":null,"email":null,"msg":null},{"name":null,"email":null,"msg":null},{"name":"Mushfiqur Rahman","email":"mushfuqur.soikot@gmail.com","msg":"gdgdgdgdgdg"},{"name":null,"email":null,"msg":null},{"name":"Mushfiqur Rahman","email":"mushfuqur.soikot@gmail.com","msg":"Best bdbhdbsjskdmsmk\r\n"},{"name":null,"email":null,"msg":null},{"name":null,"email":null,"msg":null},{"name":"Talut Mahamud Deep","email":"mddeep22@gmail.com","msg":"kjjjhfvtuufviiju"},{"name":null,"email":null,"msg":null},{"name":null,"email":null,"msg":null},{"name":null,"email":null,"msg":null},{"name":null,"email":null,"msg":null},{"name":null,"email":null,"msg":null},{"name":null,"email":null,"msg":null},{"name":null,"email":null,"msg":null},{"name":null,"email":null,"msg":null}]